machine	bestK	status	steps	ops
1RB1LC_1LC0RF_0LF1LD_0LE---_1RF1LC_1LE0RA	3	ops-limit	255658046	100000
1RB1LE_1RC0RF_0LD---_1RF1LE_0LF1LC_1LD0RA	3	ops-limit	255599251	100000
1RB0LD_0RC1RB_1RD1RF_0LE1LD_1LA1LE_---0RB	3	ops-limit	249612670	100000
1RB0LC_1LA1RE_1LD1RE_1RE0LA_0RA1RF_0RB---	3	ops-limit	247333248	100000
1RB0LC_1LA1RF_1LD1RF_1LE0LA_0RB---_0RA1RE	3	ops-limit	247306732	100000
1RB0RA_1LC1RA_0LD1LD_0LE0LC_1LA0LF_---1LC	4	ops-limit	241854836	100000
1RB0LA_0RC0RB_1LD1LA_1LC1RE_1RF0RD_1LA---	4	ops-limit	221433551	100000
1RB---_1LC0RB_0LD0LC_1RE1RB_1RD1LF_1LA0LE	4	ops-limit	202416666	100000
1RB0LF_1RC0RA_1LD0RB_0LE0LC_0LA0LC_0LB---	4	ops-limit	197171669	100000
1RB0RF_1LC---_1LF1LD_1RE0LD_0RC0RE_1LC1RA	4	ops-limit	193793243	100000
1RB0LA_0RC0RB_1LD1LA_1LC1RE_1RF0RD_1LC---	4	ops-limit	191721922	100000
1RB0RE_1RC---_0RD0RC_1LE1LF_1LD1RA_1RC0LF	4	ops-limit	191666574	100000
1RB0RF_1LC---_1RD0LC_0RE0RD_1LF1LC_1LE1RA	4	ops-limit	191590119	100000
1RB0LE_1RC0RF_0RD0RB_1RE0RC_1LA0LA_1RA---	4	ops-limit	178472943	100000
1RB1LE_0RC1RC_0RD0RB_1RE0RF_1LA0LE_---1RB	4	ops-limit	133346326	100000
1RB0RE_1LC1RD_1LA0LC_0RA1RF_1RD0LB_1RA---	3	ops-limit	127931550	100000
1RB---_0RC0RD_1LD0RF_0LE0LC_1RA0LC_1RC0RA	4	ops-limit	127742304	100000
1RB1RE_1LC0RA_1RD0LB_1LB1RC_1LF0RD_---0LE	4	ops-limit	126268862	100000
1RB1LC_1LA0RD_1LB1LF_1LE1RE_0LA0RB_0LB---	3	ops-limit	123295233	100000
1RB1LC_1RC0LD_1LA0RB_1LB1LE_1RF0LA_---0RE	4	ops-limit	116456326	100000
1RB0LF_1LC1RA_0RE0RD_---1LE_1LF1RC_1LC1LA	4	ops-limit	114443710	100000
1RB1RF_1RC0LD_1LB1RA_1RE1LE_0RC0LB_0RB---	3	ops-limit	113729116	100000
1RB0RE_1LC1LF_1RA1LD_1LB---_1RF1RF_0LB0RA	3	ops-limit	101016695	100000
1RB1LD_1RC0RA_1LA1RE_0LA0LB_0RB1RF_---1RD	4	ops-limit	94363388	100000
1RB1RB_0LC0RE_1LD1LB_1RE1LF_1RC0RA_1LC---	3	ops-limit	91929004	100000
1RB1RE_0RC0RA_0LD0LF_1LA1LD_0RB0LD_1LC---	4	ops-limit	70898340	100000
1RB---_0RC0RA_1RD1RC_1LE1LF_0LB0LD_0LE0RC	4	ops-limit	70745409	100000
1RB0RE_1LC0RA_0LD0LB_1RE0LB_1RF---_0RB0RC	4	ops-limit	55652069	100000
1RB0RF_1RC1RF_1LD0LE_---1LC_1RA1LE_1LC1RB	4	ops-limit	52824057	100000
1RB0LD_1RC---_0RD0RE_1LE0RF_0LA0LD_1RD0RB	4	ops-limit	51209050	100000
1RB0RB_0LC1RA_1RD1LC_1LA1LE_1LF0LD_---0LA	4	ops-limit	49976700	100000
1RB0LF_0RC---_1RD0RA_1LE0RC_0LA0LE_1LE1LB	3	ops-limit	47462514	100000
1RB0RA_1LC0LE_1RA1LD_0LB1LF_1LD0RC_1LB---	3	ops-limit	39000152	100000
1RB0RF_1LC0RA_0LD0LB_1RD1LE_0RC0RA_1RA---	4	ops-limit	35219762	100000
1RB1RC_1LC0RE_1LD0LB_1RA1LC_1RA0RF_---1RE	4	ops-limit	34266173	100000
1RB0RF_1LC1RA_0LE0LD_0LB1LC_1RD0RA_0RE---	4	ops-limit	33642124	100000
1RB---_1RC0RA_1LD0RB_0LE0LC_1RE1LF_0RD0RB	4	ops-limit	31660740	100000
1RB0LD_0RC1RD_1LA1RA_1LE0LE_1RF0LA_0RA---	3	ops-limit	28104662	100000
1RB1RD_1RC1RB_1LD0RA_1RA0LE_1LF0LC_---1LE	3	ops-limit	27117214	100000
1RB0RA_1RC0LE_1LD0RA_---1LE_0RE0LF_1LB1LC	3	ops-limit	25061893	100000
1RB0LE_0RC0RA_1LC1RD_0LB0LE_1LA0LF_1LE---	4	ops-limit	24865824	100000
1RB0RB_1RC1LC_0LD1RA_1LF1LE_0LA1LC_1LB---	3	ops-limit	22398760	100000
1RB0LE_1LC0RD_0RA1LD_0LC1RA_1LF1LA_---1LA	3	ops-limit	22230162	100000
1RB1RC_1LC0RC_0RA0LD_0LE---_0LF1LD_1LC1LE	4	ops-limit	22228623	100000
1RB0RD_1LC0RA_---1RD_1RA1LE_1RC0LF_1LE0LB	4	ops-limit	21894252	100000
1RB1RA_0LC1RF_0LD1LD_1LE1LC_0RB0RA_---1RE	4	ops-limit	17544901	100000
1RB0LC_1LC0RE_1LD1LB_1LA1LD_1RF0RA_---1RE	3	ops-limit	16745351	100000
1RB1RA_1LC1LE_0LD0LB_0RA0RF_0LC0RA_1RD---	4	ops-limit	15386483	100000
1RB0RD_1LC0RA_1LA0LB_1RE0LC_1LD1RF_0RB---	4	ops-limit	14520717	100000
1RB1RC_1LC0RE_1LD0LB_1RA1LC_1RA0RF_---0RC	4	ops-limit	14231321	100000
1RB0LF_1RC1RA_0RD0RB_1LE---_0LA1LE_1RD1LA	4	ops-limit	13370809	100000
1RB1LF_1RC1RB_1RD0RB_0LE0LF_---1LD_0LE1LA	4	ops-limit	11903392	100000
1RB0LD_1LC1RA_1RA1LC_1LE1LA_0RF1LD_---1RE	4	ops-limit	11872689	100000
1RB0RE_1RC---_0LD1LE_0RE1LD_1RF0LC_0RA1RE	4	ops-limit	11187785	100000
1RB0RA_1LC0RE_0LC0LD_1RD1LB_0RF1RA_0RB---	3	ops-limit	9487233	100000
1RB0LC_1RC1RA_0LD0LF_0LB0LE_1LA1LD_---0RA	4	ops-limit	8952924	100000
1RB0LC_1LC0RE_1LA1LD_1LA1LB_0RF1RA_---0RE	3	ops-limit	8211803	100000
1RB0LE_1RC1RF_1RD0RA_1LE0RC_1LC0LD_0RD---	4	ops-limit	7638844	100000
1RB0LC_1RC0RA_1LA0LD_1LE0RB_1LC1LF_0LA---	4	ops-limit	7602048	100000
1RB0RA_1RC1RF_1LD0LC_1RA1LE_1RA0LC_---0RD	4	ops-limit	7565881	100000
1RB0RC_1LC1RE_1RA1LD_0LC0LA_1RF1RD_---0RD	4	ops-limit	7561186	100000
1RB0RF_1LC0RE_0LC0LD_1RD1LB_0RF1RA_0RB---	3	ops-limit	7335964	100000
1RB1RF_1RC0RA_1LD1RE_1LE0LE_0RA0LD_0RB---	4	ops-limit	7269927	100000
1RB0RB_0LC0RA_1LE1LD_0LE---_1LF0LC_1RA1LB	4	ops-limit	7032250	100000
1RB1RF_1RC0RB_0RD1LF_1LE1RE_1LA---_1RA0LC	4	ops-limit	6746866	100000
1RB0RE_1LC1RD_1LD0LD_0RE0LC_1RA1RF_0RA---	4	ops-limit	6596996	100000
1RB1LC_1LC1RD_1LA0LB_0RB1RE_1RF0RA_---0RC	4	ops-limit	6434740	100000
1RB1RA_1RC1LB_1LD0RA_1LB0LE_1LF1LD_---0LD	4	ops-limit	6257664	100000
1RB1RF_0RC1RE_1LD1RB_0LE0LC_1RA0LC_0RB---	4	ops-limit	6173945	100000
1RB1RC_1LC0RE_1LD0LB_1RA1LC_1RA1RF_---1RD	4	ops-limit	6153726	100000
1RB0LD_1RC1RF_0RD1RA_1LE1RC_0LA0LD_0RC---	4	ops-limit	5953417	100000
1RB0RA_1LC0RD_0LD0LB_1RA1LE_0LC1LF_0LA---	4	ops-limit	5677006	100000
1RB0RE_1RC0LD_1LD0RF_0LB0LA_1LC1RE_---0RE	4	ops-limit	5533222	100000
1RB---_0RC0LA_1LD0RB_1LE0LF_1RC1LF_0LC0LB	4	ops-limit	5402468	100000
1RB---_0RC0RD_1LD1RB_0LE0LC_1RA0LF_1LD1LE	4	ops-limit	5290780	100000
1RB1RF_1RC0RE_1LD0RB_1RE0LC_1RA0LE_0RC---	4	ops-limit	5253702	100000
1RB---_0LC1RF_0LD1LC_1RE1LB_0RE1LA_0RB0RA	4	ops-limit	5015687	100000
1RB0LC_1RC0RA_1LA0LD_1LE0RB_1RD1LF_0LA---	4	ops-limit	4927353	100000
1RB1LE_1RC0RB_1LD0RA_0LA0LC_0LD1LF_0LB---	4	ops-limit	4763141	100000
1RB---_0LC1RF_1RA1LD_0LE1RF_0LC1LE_0RD0RA	4	ops-limit	4605852	100000
1RB0LC_1LC0RE_1LD1LC_1LA1RD_---0RF_0LB0RD	4	ops-limit	4597211	100000
1RB1RA_1RC1LB_1LD0RA_1LA0LE_---0LF_0RC0LB	4	ops-limit	4523822	100000
1RB1LD_1RC---_0LD1RE_0LF1RE_0RC0RB_0LA1LF	4	ops-limit	4458638	100000
1RB0LC_1LA1RB_0LD1LC_1RE1LF_0RE0RB_---0LE	4	ops-limit	3981109	100000
1RB1LC_1RC---_1LD1LC_1RE0LC_1RF0RE_1RA0RD	4	ops-limit	3889470	100000
1RB1LA_1LA0RC_1RD1RC_1LE0RC_---0LF_1LE0LA	4	ops-limit	3887102	100000
1RB1RA_1LC1LB_1RE0LD_1RA0LB_---0RF_1RC0RA	4	ops-limit	3771726	100000
1RB0LE_0RC0RD_1LC0RB_0RE1RD_1LF1LE_0LA---	4	ops-limit	3733815	100000
1RB0RA_1RC0RF_1RD1LE_1RE---_1LF1LE_1RA0LE	4	ops-limit	3672043	100000
1RB1RA_0LC0RE_1LF1LD_1LA0LA_1LC1RB_---1LC	4	ops-limit	3462152	100000
1RB0LC_1RC---_1LD0RE_0LA1LD_1RC1RF_0RE1RA	4	ops-limit	2902080	100000
1RB1LA_1LC0RE_---0LD_1LA0LF_1RA1RE_1LA0LB	4	ops-limit	2827718	100000
1RB1LA_1LC0RE_1LF1LD_0RB0LA_1RC1RE_---0LD	4	ops-limit	2659927	100000
1RB1LE_0LC0RF_1LD1RD_1RC1RA_0LB0LA_0RC---	4	ops-limit	2500899	100000
1RB1RC_1LA1RA_1RE1LD_0LE0LC_0LB0RF_0RB---	4	ops-limit	2480970	100000
1RB1LC_1LA1RB_1LD0LA_1RE0RF_---1RD_0RE1RB	4	ops-limit	2027287	100000
1RB0LC_1LA1RF_1LD0LE_1RE0RA_1LC0RD_0RE---	4	ops-limit	2020516	100000
1RB1LA_1LA1RC_1RD0RB_1LE0LF_---1LD_0LE1LA	4	ops-limit	1981468	100000
1RB1LD_1LC0RE_1LA0LD_0LB0LE_0RB0LF_1RE---	4	ops-limit	1512064	100000
1RB1RE_0LC1RF_---1LD_1LE0LD_1LA1LB_1RF0RA	4	ops-limit	1455566	100000
1RB0RD_1LC0RA_1LA0LB_1RE0LC_1RA1RF_0RB---	4	ops-limit	1433080	100000
1RB0LF_0RC0RB_1LC1LD_1RE0RD_---0RA_1LA0LF	4	ops-limit	1331286	100000
1RB0RD_0LC0LF_1RD1LB_0RE---_1RA0LC_0LA1LF	3	ops-limit	1328073	100000
1RB1LE_1LC0RA_0RF0LD_1LE1LA_1RC0LB_---1RC	4	ops-limit	1319859	100000
1RB1RA_0LC0RF_1LD1LC_1RE1LB_---0RA_1RF0RD	4	ops-limit	1307913	100000
1RB1RA_1LC1RE_---0LD_1LE1LD_0RA0LF_1LF0LB	4	ops-limit	1305943	100000
1RB0RD_1RC1RF_1LD0LE_1RA0LC_1RE1LC_0RA---	4	ops-limit	1302723	100000
1RB0RC_1LC0RD_0LD0LC_1RE0LA_0RA0RF_1LB---	4	ops-limit	1269149	100000
1RB0LC_0RC0RF_1RD0RE_1LE0RA_0LA0LE_1RA---	4	ops-limit	1269101	100000
1RB0LC_0RC0RB_1LD0RE_0LE0LF_1LA0LB_1LC---	4	ops-limit	1268080	100000
1RB0LC_0RC0RB_1LD0RE_0LE0LF_1LA0LB_0RA---	4	ops-limit	1264817	100000
1RB0LC_0RC0RB_1LD0RE_0LE1LF_1LA0LB_0LD---	4	ops-limit	1264121	100000
1RB0LC_0RC0RB_1LD0RE_0LE0LF_1LA0LB_0LE---	4	ops-limit	1264054	100000
1RB0LC_0RC0RF_1RD0RE_1LE0RA_0LA0LE_0RA---	4	ops-limit	1261971	100000
1RB0LE_0LC0RF_1LD1LC_1RA0RD_0LA1LA_1RD---	4	ops-limit	1261679	100000
1RB0LC_0RC1RF_1RD0RE_1LE0RA_0LA0LE_0RE---	4	ops-limit	1261378	100000
1RB0LC_0RC0RB_1LD0RE_0LE1LF_1LA0LB_0LB---	4	ops-limit	1260272	100000
1RB0LC_0RC0RB_1LD0RE_0LE1LF_1LA0LB_1LD---	4	ops-limit	1260268	100000
1RB0LC_0RC0RF_1RD0RE_1LE0RA_0LA0LE_0RC---	4	ops-limit	1259516	100000
1RB0LC_0RC0RF_1RD0RE_1LE0RA_0LA0LE_1RE---	4	ops-limit	1258673	100000
1RB0LC_0RC0RB_1LD0RE_0LE0LF_1LA0LB_1LB---	4	ops-limit	1257644	100000
1RB0RC_1LC0RD_0LD0LC_1RE0LA_0RA1RF_0RC---	4	ops-limit	1257285	100000
1RB0RC_1LC0RD_0LD0LC_1RE0LA_0RA1RF_1RE---	4	ops-limit	1257283	100000
1RB0RC_1LC0RD_0LD0LC_1RE0LA_0RA0RF_0LB---	4	ops-limit	1256779	100000
1RB0RC_1LC0RD_0LD0LC_1RE0LA_0RA0RF_0RA---	4	ops-limit	1256487	100000
1RB0LC_0RC0RF_1RD0RE_1LE0RA_0LA0LE_0LD---	4	ops-limit	1252492	100000
1RB0LC_0RC1RF_1RD0RE_1LE0RA_0LA0LE_0RB---	4	ops-limit	1251084	100000
1RB0RC_1LC0RD_0LD0LC_1RE0LA_0RA1RF_0RE---	4	ops-limit	1250907	100000
1RB0LD_1RC0RF_1LA1RF_0LA0RE_1LD---_0RA0RD	4	ops-limit	1248355	100000
1RB0LC_0RC0RB_1LD0RE_0LE0LF_1LA0LB_0LC---	4	ops-limit	1247916	100000
1RB0LC_0RC0RF_1RD0RE_1LE0RA_0LA0LE_1LD---	4	ops-limit	1247837	100000
1RB0LC_0RC1RF_1RD0RE_1LE0RA_0LA0LE_1RE---	4	ops-limit	1247555	100000
1RB0LC_0RC0RB_1LD0RE_0LE0LF_1LA0LB_1RA---	4	ops-limit	1246888	100000
1RB0LC_0RC0RB_1LD0RE_0LE1LF_1LA0LB_1LB---	4	ops-limit	1246414	100000
1RB0RC_1LC0RD_0LD0LC_1RE0LA_0RA0RF_0RD---	4	ops-limit	1244799	100000
1RB0RC_1LC0RD_0LD0LC_1RE0LA_0RA0RF_1RD---	4	ops-limit	1241349	100000
1RB1LF_1LC0RD_0LD0LC_1RE0LA_0RA0RC_0RE---	4	ops-limit	1239678	100000
1RB0LC_0RC0RE_1RD1LF_1LE0RA_0LA0LE_0RB---	4	ops-limit	1235423	100000
1RB1LF_1LC0RD_---1LA_0LA0RE_1LA1RA_1LB0LD	4	ops-limit	1235165	100000
1RB0LC_0RC0RB_1LD0RE_0LE0LB_1LA1RF_0LD---	4	ops-limit	1234260	100000
1RB0LD_1RC0RA_1RD1RF_1LA0LE_1RE1LD_0RB---	4	ops-limit	1220005	100000
1RB1RF_1LC0LE_1RD0LB_1RA0RC_1RE1LB_0RD---	4	ops-limit	1218931	100000
1RB0RE_1LC0RA_1LD0LB_1LA1LF_1LE1RA_0LC---	4	ops-limit	1218760	100000
1RB0RE_0RC---_1LD0RA_0LA0LD_1LC1RF_1RC0RE	4	ops-limit	1178501	100000
1RB1LE_0RC---_1RD0LA_1RE0RB_0LA0LF_0LD1LF	3	ops-limit	1100990	100000
1RB0LC_0RC0RF_1LD1RE_0LA0RA_0RA0RE_0RB---	4	ops-limit	1062619	100000
1RB1LE_0RC0LC_1LD0RA_0LA0LF_0LC0LE_0LD---	4	ops-limit	1051887	100000
1RB0LC_1LA0RE_0LD0LB_1RA1LD_0RC1RF_0RA---	3	ops-limit	1016451	100000
1RB0RD_1LC1LB_---1LD_1RA0RE_1RD0LF_1LE0LD	4	ops-limit	1001094	100000
1RB0RC_1LC0LD_1RA0LB_1LE0RA_1RA1LF_0LC---	4	ops-limit	993810	100000
1RB0RC_1LC1RF_1RE0LD_1LC1LA_---1RD_0RB0RA	4	ops-limit	962176	100000
1RB1RE_1LC1RE_---1LD_1LE0LB_0RF0LD_1RD1RA	4	ops-limit	961348	100000
1RB0RE_1LC0RE_1LA1LD_0LB1LF_1RC1RA_1LB---	4	ops-limit	908231	100000
1RB0RA_1RC0LC_0LD1RF_1RA1LE_1LD0LB_0RE---	4	ops-limit	906978	100000
1RB1RF_1LC1LF_0RE1LD_0LB1LD_---1RC_1RA0RD	4	ops-limit	904269	100000
1RB1RF_1RC1RB_1LD0RA_1LA1LE_---0LF_0LC1LF	4	ops-limit	899029	100000
1RB0RE_1RC0RA_0LD0LB_0LA1LE_1LC1LF_0LA---	4	ops-limit	894634	100000
1RB0RC_1LC0LD_1RA0LB_1LE0RA_1RD1LF_0LC---	4	ops-limit	870033	100000
1RB0LF_1LC1RA_0RD1LB_0LA0RE_1RC1RB_---0LD	3	ops-limit	853250	100000
1RB0RA_0RC1LD_0LD0RE_1LB1LE_1RA0LF_0LC---	4	ops-limit	851944	100000
1RB0RF_1LC0RA_1LD1LB_0LE---_1LA0LA_1RE1LD	4	ops-limit	843077	100000
1RB0RB_1LC0RA_1LE0LD_1LC1LF_1RA0LD_1LC---	4	ops-limit	841875	100000
1RB0RE_1LC0RE_1LD0LD_1RA0LC_1RA1RF_1RA---	4	ops-limit	840355	100000
1RB0LE_1RC0RC_1LD0RB_1LA0LE_1LD1LF_1LD---	4	ops-limit	838281	100000
1RB0RE_1LC0RD_1LD0LD_1RA0LC_1RA1RF_1RA---	4	ops-limit	837837	100000
1RB0LC_1RC0RC_1LD0RB_1LA0LE_1LD1LF_1LD---	4	ops-limit	833353	100000
1RB1LC_0LC---_1RE1LD_1RD0LA_1RF0RC_0RA1RC	4	ops-limit	826354	100000
1RB0LD_1RC1RB_1RD0RA_0LE1LF_---1LA_1LA0LC	4	ops-limit	814877	100000
1RB0RE_0RC1RE_1RD1LE_0LE---_1RA1LF_1RF0LC	4	ops-limit	798997	100000
1RB0RC_1LC1RF_1RA1LD_1RD0LE_1LD1LC_0RE---	4	ops-limit	796943	100000
1RB0RE_1LC0RA_0LD1LB_1LA1LE_0LB0LF_1LD---	4	ops-limit	794943	100000
1RB1RE_1LC0LE_1RD0LB_0RA1RC_0RC0RF_1RA---	4	ops-limit	792122	100000
1RB0LD_0RC1RA_1RD1RE_1LA0LE_0RA0RF_1RC---	4	ops-limit	792054	100000
1RB0LF_0LC0RE_0RA1LD_1LB0LD_0RA1RC_1LA---	4	ops-limit	791874	100000
1RB---_1RC1RE_1LD0LE_1RF0LC_0RD0RA_0RB1RD	4	ops-limit	789471	100000
1RB1RD_1LC0LE_1RA0LB_1RA1RF_0RA0RC_1RE---	4	ops-limit	784913	100000
1RB0RE_0RC0RA_1LD0RF_1LA0LD_1RA0LC_0RD---	4	ops-limit	776749	100000
1RB1LF_1RC0RB_1LD0LE_0LA0LC_1LC0RA_1LE---	4	ops-limit	776423	100000
1RB0RA_1LC0LE_0LD0LB_1RA0LF_1LB0RD_1LD---	4	ops-limit	776406	100000
1RB---_1RC0LE_1RD0RB_0RE0RC_1LF1RA_1LC0LF	4	ops-limit	774827	100000
1RB---_1LC0RA_1LD0LC_1RE0RF_0RB0RD_1RD0LB	4	ops-limit	774604	100000
1RB0LF_1RC0RB_1LD0LE_0LA0LC_1LC0RA_1LA---	4	ops-limit	774160	100000
1RB0RE_0RC0RA_1LD0RF_1LA0LD_1RA0LC_1RC---	4	ops-limit	772734	100000
1RB0LD_1RC0RA_0RD0RB_1LE1RF_1LB0LE_1RA---	4	ops-limit	771090	100000
1RB1LB_1LC1LA_1RD0LB_1RA1RE_1RF0RD_---1RD	4	ops-limit	769194	100000
1RB0RA_1LC0LE_0LD0LB_1RA1LF_1LB0RD_1LE---	4	ops-limit	768993	100000
1RB0RE_0RC0RA_1LD1RF_1LA0LD_1RA0LC_1RE---	4	ops-limit	768775	100000
1RB0RE_1LC1LF_1RA0LD_1LB---_1RF1RA_0LB0RA	3	ops-limit	765919	100000
1RB1RE_1LC0RF_1LA0LD_1LE1LC_0RA0LC_1RA---	3	ops-limit	765094	100000
1RB1RE_0LC0RE_1LD1LB_1RE0LF_1RC0RA_1LC---	3	ops-limit	765059	100000
1RB---_0RC0LD_1RD1RC_1LB0LE_1LF0RA_0LD1LA	3	ops-limit	748697	100000
1RB0RD_0LC0RA_1LA1LC_1RE0LF_0RA1RF_1LB---	3	ops-limit	747172	100000
1RB0LE_1RC0LB_1RD0RC_1LA1RC_---1LF_1LB1LD	4	ops-limit	736590	100000
1RB0RF_1RC1RF_1LD1RA_---0LE_1LA0LE_0RA0LC	3	ops-limit	734387	100000
1RB1RF_0RC0RE_0RD1RA_1LE0LA_1LB0LD_0RD---	4	ops-limit	731299	100000
1RB1RE_1LC0RA_0RD1LB_---1RC_1LF1RE_0LB0LE	4	ops-limit	720760	100000
1RB0RB_1LC0LF_1RD0LB_1RE1RC_0RA---_1LA1RE	4	ops-limit	719436	100000
1RB---_1RC0LD_0LB0RE_1LB1LC_1RD1RF_1RD1RA	4	ops-limit	717372	100000
1RB0RA_1LC0LD_1LE1LD_0LB0RE_1RF0LA_---0RA	3	ops-limit	712040	100000
1RB0LF_1RC1RB_0RD0RC_1LE1LF_1LD---_0LB1LA	4	ops-limit	702456	100000
1RB1RF_1LC0RD_---0LD_1LE0LD_1RA0RF_0RE0LB	3	ops-limit	695736	100000
1RB1LA_1RC0LD_1LB0RE_0LA0LC_0RD1RF_0RB---	3	ops-limit	688269	100000
1RB0RF_1LC1RA_0RD0LC_1LB1RE_---0RA_1RC1RA	4	ops-limit	687525	100000
1RB1RF_1LC1RE_---0LD_1LE0LD_1RA0RF_0RE0LB	3	ops-limit	681277	100000
1RB1RC_1LC0LE_0RA1RD_1RF1LB_1LD0LA_---0RC	4	ops-limit	669243	100000
1RB0LE_0RC0RB_1LD0LD_1RA1LC_---1LF_1LA0LC	4	ops-limit	662102	100000
1RB0LC_1LA0RD_0LD1LF_0RE0RA_1LB1RE_0LB---	3	ops-limit	658751	100000
1RB0RF_1RC1RF_1LD0RE_---0LE_1LA0LE_0RA0LC	3	ops-limit	653571	100000
1RB0RA_1LC0RA_0LD0LC_1RD1RE_1LF0LE_---0LB	4	ops-limit	649580	100000
1RB0RB_1RC0LE_1LD1LA_---0LC_1RF1LE_1RA0RA	4	ops-limit	647918	100000
1RB0RA_1LC0LD_1LE1LD_0LB0RE_1RF1LB_---0RA	3	ops-limit	634453	100000
1RB1RF_0RC0LE_1RD0RF_1LB---_1LB1LE_1RA0LC	4	ops-limit	624306	100000
1RB0RD_1RC0RA_0LA0LE_1LC1RF_1LA1LC_0RB---	4	ops-limit	622500	100000
1RB1LD_0LC0RA_1RA1LC_1RE0LC_---1RF_0RD0RB	4	ops-limit	616715	100000
1RB0RE_1LC---_0RA0LD_1LC1LD_1RF0LA_1RC1RE	4	ops-limit	616072	100000
1RB1LF_1RC0RA_0RD1RA_1RE1LA_0LA---_1RF0LD	4	ops-limit	615085	100000
1RB0LA_1LC1RF_---1LD_1RE0LA_1RA0RB_1RE0RF	3	ops-limit	611796	100000
1RB0RF_1LC0RC_0LD1LC_1RE1LB_1RF---_1LE1RA	4	ops-limit	605143	100000
1RB1LA_1LC1RE_1LD0LC_1RA1RA_1RF0RB_1RD---	4	ops-limit	594781	100000
1RB0LF_1LC1LA_1LD0LC_1RE1LB_0RB1RA_---0RD	4	ops-limit	594632	100000
1RB0LC_0RC0RF_1RD0LE_1LA1RA_1LC1RB_0RB---	4	ops-limit	594306	100000
1RB1LF_1RC1RF_0LD1RE_---1LC_0RB1RE_1LA0LE	4	ops-limit	592088	100000
1RB1LF_1LC0LD_1LD1RC_1RE1LB_0RA0RE_0LA---	4	ops-limit	591881	100000
1RB0RA_1LC0LF_1LE0LD_1LB---_1RA1LB_0LB0RC	3	ops-limit	587662	100000
1RB1LB_1LC0RE_1LE0LD_1LA---_1RF1RB_0LC0RF	4	ops-limit	585114	100000
1RB---_1RC0RF_1RD0RA_1LE1RB_1LB0LE_0RB0LC	3	ops-limit	583599	100000
1RB0LE_1RC1RB_1RD0RA_0RE---_1LF1LA_1LA1LF	4	ops-limit	583351	100000
1RB0LC_1RC1RF_1LD0RA_1LE0LD_1RC0LA_0LA---	3	ops-limit	582925	100000
1RB1RA_1LC0RF_1LD1LC_1LE0LB_0LF---_1RA1RB	4	ops-limit	582599	100000
1RB1LC_1LA0RE_0LD---_1RE0LF_1RF0RD_1LD0LB	4	ops-limit	581665	100000
1RB0RE_0RC---_1LD1LE_1LE1LD_1RF0LC_1RA1RF	4	ops-limit	581341	100000
1RB1RC_1RC1RB_1LD0RA_1LE1LD_1LF0LC_0LA---	4	ops-limit	578549	100000
1RB1RB_1RC1LB_1LD1RE_1LA0LD_1RF0RC_1RA---	4	ops-limit	577143	100000
1RB1LB_1LC0RE_0LE0LD_0LC---_1LA0RF_1RE1LC	4	ops-limit	576103	100000
1RB1RF_1RC0RA_1LD1RB_1LE0LD_1LB0LB_0RB---	4	ops-limit	575822	100000
1RB0RD_1RC---_1LD1LE_1LE0LC_1RF1LD_1RA0RF	4	ops-limit	572314	100000
1RB0RA_1LC0RC_1LE0LD_1LC1LF_1RA1LC_1LD---	4	ops-limit	571869	100000
1RB0RA_1LC0RC_1LE0LD_1LC1LF_1RA1LC_1LB---	4	ops-limit	571866	100000
1RB0RE_1LC1RA_1LD0LC_0RE0LA_1RA1RF_0RA---	4	ops-limit	569375	100000
1RB---_1RC1RA_1RD0RB_1LE1RC_1LF0LE_1RC0LC	4	ops-limit	568533	100000
1RB---_1RC0LC_1RD0RF_1LE1RC_1LB0LE_1RC1RA	4	ops-limit	568523	100000
1RB0LB_0RC---_1RD0RC_1LE1RD_0LA1LF_1LD0LE	4	ops-limit	567843	100000
1RB0RF_1LC1RF_1RA0LD_0LC0RE_1LD---_0RC0RD	4	ops-limit	564021	100000
1RB---_1LC0LF_1RD1LB_1RE0RD_1LB0RB_1LB0LA	4	ops-limit	563630	100000
1RB---_1LC0LE_0LA1LD_1LE1RD_1RF1LB_1RD0RF	4	ops-limit	559155	100000
1RB0RB_1LC0LE_1RD1LB_1RA0RD_1LB1LF_0LA---	4	ops-limit	557278	100000
1RB0RF_1RC0RA_1LD1RB_1LE0LD_1LB0LB_0RB---	4	ops-limit	555981	100000
1RB0RE_1LC1RA_1LD0LC_1LA0LA_1RA1RF_0RD---	4	ops-limit	554890	100000
1RB1LF_1LC0LD_1LD1RC_1RE1LB_0LA0RE_0LA---	4	ops-limit	549600	100000
1RB1LC_1LA---_1LD0LA_1RE0LE_0RF1RE_1LB1RD	4	ops-limit	548895	100000
1RB1LD_0RC0RB_0LD1RE_0LA1LC_0RB0RF_1LC---	4	ops-limit	546450	100000
1RB1LA_1LC1RD_1LA0LC_1RE0RB_1RF1LC_1RA---	4	ops-limit	545682	100000
1RB0RB_1LC0LE_1RD1LB_1RA0RD_1LB0LF_0LB---	4	ops-limit	544880	100000
1RB0RC_1RC1LB_1LD1RA_0LE0LD_1LA1RF_0RE---	4	ops-limit	537958	100000
1RB1LE_1RC1LD_1RD0LF_0LA0RD_---1LB_0LD1LF	4	ops-limit	537547	100000
1RB1LB_1RC1LE_1RD0LF_0LA0RD_---1LD_0LD1LF	4	ops-limit	537547	100000
1RB1RE_1LC0LD_1RA0LD_1LA1LB_0RC1RF_1RC---	4	ops-limit	537228	100000
1RB1RC_1LC1LE_1RD0RA_1LB0RA_0LD1LF_1LD---	4	ops-limit	536945	100000
1RB---_1RC0LE_0LD0RF_1LB0RE_0RC0LD_1RD1RA	4	ops-limit	536640	100000
1RB0RC_1LC0RE_0LD0LB_1RA1LE_1LB1RF_---0RD	4	ops-limit	534544	100000
1RB0RE_1LC1RD_1LD0LC_1RA0RF_1RD---_0RD0LA	3	ops-limit	533238	100000
1RB0RB_1LC0LE_1RD1LB_1RA0RD_1LB1LF_0LB---	4	ops-limit	533003	100000
1RB1LE_1RC0RB_1LD1RC_1LA1LE_1LF0LA_1LC---	4	ops-limit	528253	100000
1RB0LB_0LC0RE_1LA1LD_0LB1RF_1RA1RD_---1LC	4	ops-limit	525853	100000
1RB1LD_1RC0RB_1LA1RE_1LF0LA_1LA0RD_1LC---	4	ops-limit	523975	100000
1RB0LF_0RC1RD_0LD0RA_1RC0RE_1RF---_1LA0LB	4	ops-limit	523942	100000
1RB0RA_0LC0LA_1RF1LD_1LE0LD_1LC1LF_---1RA	4	ops-limit	520221	100000
1RB---_1RC0RF_1RD0RA_1LE1RB_1LB0LE_0RA0LC	3	ops-limit	520074	100000
1RB0RA_1LC0LF_1LE0LD_1LB---_1RA1LB_0LD0RC	3	ops-limit	519869	100000
1RB0LE_0RC1RC_0RD1LA_1LD0LA_1LF1LC_---1LC	4	ops-limit	518536	100000
1RB0RF_1RC0RE_1LD1RA_1LA0LD_1RA---_0RA0LB	3	ops-limit	517343	100000
1RB0RE_1LC1RA_1LD0LC_1LA0LA_1RA0RF_0RA---	4	ops-limit	515202	100000
1RB---_0RC1LF_0RD1RB_1LE1RC_0LB0LE_0LE0LA	4	ops-limit	514982	100000
1RB1RF_1RC---_1RD1LC_1LE1RF_1LC0LE_1RA0RA	4	ops-limit	513402	100000
1RB1LF_0RC---_1RD1RF_1LE0LF_1LB0LA_1LD0RE	4	ops-limit	512410	100000
1RB1RC_1RC0RA_1LD1RB_1LE0LD_1LF0LB_1LA---	4	ops-limit	512300	100000
1RB1LD_1RC0RB_1LA0LE_1LC0LA_0LF1RB_1LC---	4	ops-limit	512210	100000
1RB1LD_1RC0RB_1LA1LE_1LC0LA_0LF0RD_0RA---	4	ops-limit	510143	100000
1RB1RF_1LC1RE_0LD0LC_1RD0RB_1RA0RB_1RC---	4	ops-limit	508978	100000
1RB1LD_1RC0RB_1LA1LE_1LC0LA_0LF0RD_0LA---	4	ops-limit	508444	100000
1RB0RF_1LC1RE_0LD0LC_1RD0RB_1RA0RB_0LC---	4	ops-limit	507867	100000
1RB1LD_1RC0RB_1LA1LE_1LC0LA_1LF0RD_0LB---	4	ops-limit	504920	100000
1RB0RD_0RC0LB_0RD1RD_1LE1RA_1RC1LF_---1LA	4	ops-limit	504209	100000
1RB1LA_0RC1RD_1LC0LA_1LE1RE_0RB0LF_---0LD	4	ops-limit	503586	100000
1RB0RF_1LC1RE_0LD0LC_1RD0RB_1RA0RB_1RC---	4	ops-limit	502948	100000
1RB0RF_1LC1RE_0LD0LC_1RD0RB_1RA0RB_0RB---	4	ops-limit	502940	100000
1RB---_1RC1RE_1LD0RC_0RE0LD_1LC0LF_1RA0RF	3	ops-limit	502820	100000
1RB0RC_1RC1LB_1LD1RE_1LB0LD_0RF1RA_1RD---	3	ops-limit	499545	100000
1RB1LA_1LC0RA_0LF0LD_1RE1LD_1RE0RB_---0LC	4	ops-limit	499394	100000
1RB---_1RC1LE_1RD0LF_1RE0RA_1LF0LC_1RC1LC	4	ops-limit	495837	100000
1RB0RC_1LC1RC_1LD0RB_1LA0LE_1LF---_1LC1RA	4	ops-limit	495499	100000
1RB0LC_1RC0RA_1RD0RF_0LE---_1LB1LA_1LD1RA	4	ops-limit	494200	100000
1RB0LC_1LC0LD_1LE1LA_---1RA_1RF1LB_1RD0RF	4	ops-limit	491294	100000
1RB---_1LC0LC_1RD1LB_1LE1RD_0LA1LF_1LD0RF	4	ops-limit	490144	100000
1RB---_1LC0RC_0LD0LC_1RE1RA_0RD1LF_0LE0LF	4	ops-limit	489443	100000
1RB---_1RC1LF_1LD1RE_1LB0LD_1RA0RC_1RC0LE	4	ops-limit	489280	100000
1RB0RE_1LC1RA_1LD0LC_1RA0LA_1RA1RF_1RE---	4	ops-limit	486672	100000
1RB0RE_1LC1RA_1LD0LC_1RA0LA_1RA1RF_1RD---	4	ops-limit	486655	100000
1RB1LD_1RC0RB_1LD0RD_1LA0LE_1LD1LF_0LD---	4	ops-limit	486329	100000
1RB0RE_1LC1RA_1LD0LC_1RA0LA_1RA1RF_0RA---	4	ops-limit	486322	100000
1RB0LA_0LC0RD_0RE1LA_0RC1LB_1LE0LF_1RD---	4	ops-limit	486316	100000
1RB0RE_1RC0RC_1LD---_0LB1LE_1RF0LD_1RA1RF	4	ops-limit	486064	100000
1RB0RE_1LC0RA_1RE1LD_0LB0LF_1RA1RA_0LD---	4	ops-limit	486039	100000
1RB0LF_1RC1RB_1RD0RA_1RE0RE_1LF---_0LD1LA	4	ops-limit	485648	100000
1RB---_0RC1RD_1LA0LA_1LE0RB_1LF1LE_1LC0LD	4	ops-limit	484913	100000
1RB1RA_1RC0RF_1RD0RD_1LE---_0LC1LF_1RA0LE	4	ops-limit	484676	100000
1RB1RA_1LC1RE_1LA1LD_1LC0LF_---0RA_1LA0LA	4	ops-limit	483912	100000
1RB0LA_1RC---_1RD1RA_1LE1RF_1LC1LE_0RC0RD	4	ops-limit	483762	100000
1RB0RF_0LC---_1LE1LD_1RE0LA_1RA0RD_1LB1RD	4	ops-limit	483433	100000
1RB0RB_1LC---_0LA1LD_1RE0LC_1RF1RE_1RA0RD	4	ops-limit	481712	100000
1RB1RA_1LC1LE_1RA1LD_0LB0LC_1LF0RE_1LB---	4	ops-limit	481658	100000
1RB1RA_1RC---_1RD0LD_1LE1RF_0RA1LD_0RC0LC	4	ops-limit	481048	100000
1RB1LD_1RC1RE_1LA0RA_1RC0LB_0LA1RF_---1RB	4	ops-limit	479010	100000
1RB0RA_1RC0RC_1LD1RF_---1LE_1RF0LF_1RA0LE	4	ops-limit	477250	100000
1RB0LA_1RC---_1RD1LC_1LC1RE_1LA1RF_0RB0RD	3	ops-limit	475734	100000
1RB---_1RC1RF_1LD1RE_1LB1LD_0RB0RC_1RA0LF	4	ops-limit	475512	100000
1RB0LE_1RC1RB_1LD0RA_1LA1LC_0LC0LF_0RB---	3	ops-limit	474978	100000
1RB0LB_0RC0LD_1LD1RE_0LA0RB_0RD1RF_1LA---	4	ops-limit	474882	100000
1RB1RA_0LC1RE_1RD1LB_0RA---_0RB0RF_1LF0RC	4	ops-limit	474657	100000
1RB0LC_1RC1RA_0RD1LE_1RE1RF_1LC0RB_---1RD	4	ops-limit	474328	100000
1RB1LA_1LC0RE_1LF1LD_1RE0LC_1LB1RA_---0LA	4	ops-limit	474185	100000
1RB0LC_1LA0RD_1LB1LF_0LA0RE_1RD0RA_1LD---	3	ops-limit	474100	100000
1RB1RC_1LC1LC_1RE0LD_1LB1RF_---1RA_0RD1RD	4	ops-limit	473344	100000
1RB0RC_1RC1LB_1LD1RA_1LE0LB_---1LF_0LF0LC	4	ops-limit	473124	100000
1RB1RB_1LC0RE_---1LD_0RA1LB_1RA1LF_0LE1LE	4	ops-limit	472942	100000
1RB1RA_1RC---_1RD1LC_1LE1RF_1LC0LE_1LA0RD	4	ops-limit	472775	100000
1RB0RF_1RC1LB_1LD1RE_1LB0LD_1RF0RC_1RA---	4	ops-limit	471798	100000
1RB---_1RC0LE_1RD1LC_1LB1RF_1LC0LE_1RA0RD	4	ops-limit	471766	100000
1RB1LC_1LC0RD_0LE1LA_0RF1RA_1RD0LA_---0RB	4	ops-limit	470275	100000
1RB1LC_1LC0RD_0LE1LA_---1RA_1RF0LA_0RF0RB	4	ops-limit	470275	100000
1RB1LC_1LC0RD_0LE1LA_0RF1RA_1LA0LA_---0RB	4	ops-limit	470156	100000
1RB---_1RC1LB_1LB1RD_1LF1RE_0RA0RC_1RA0LF	4	ops-limit	470124	100000
1RB1LA_1LA1RC_1LF1RD_0RE0RB_1RA---_1RE0LF	3	ops-limit	469792	100000
1RB1RF_1LC1LB_1RD1LD_1RE0RA_---0LB_0LF0RC	4	ops-limit	469680	100000
1RB1LD_1LC0RC_0RF1RA_0LE1LA_1RC0LA_---0RB	4	ops-limit	469328	100000
1RB0LC_1LA0RD_0RB0LF_1RA1RE_1RC---_1LC0LB	3	ops-limit	468137	100000
1RB0RE_0RC0RF_1LD1RA_1RE0LD_0LB1RC_1LE---	4	ops-limit	467404	100000
1RB1LE_0RC0RB_1LD0LA_1LC---_1LF0LA_1LA0LE	4	ops-limit	466761	100000
1RB1RA_1LC1RE_---1LD_1LE0LF_0RA0LB_0RF0LA	4	ops-limit	466519	100000
1RB0RF_0LC0RD_1LD1LC_1RE1LB_---1RA_0LF0RC	4	ops-limit	465494	100000
1RB1RD_1LC0LE_1LD0LB_0RB0RA_1RD1LF_0LC---	4	ops-limit	463817	100000
1RB1LA_1LB1RC_0RD0RB_1LE0RF_0LE1LA_0RC---	4	ops-limit	463037	100000
1RB0RC_1LC1RB_0RE1LD_0LC1LA_1RF1RA_---0RB	4	ops-limit	462978	100000
1RB1RF_1LC0LB_1RE1LD_1RE0LB_1RA0RE_---0RC	4	ops-limit	462743	100000
1RB1LE_0LC0RB_1RE1LD_1LC---_1LF0LA_1LA1RF	4	ops-limit	460580	100000
1RB1LC_1LA1RB_1RD1LF_1LE0RD_1LB---_0LE0LA	4	ops-limit	460545	100000
1RB1LD_1RC0RB_1LA0LE_1LF0LA_0LD1RB_1LC---	4	ops-limit	459645	100000
1RB---_1LC1RA_1RE0RD_1LF1RC_1RD1LE_0RB0LF	4	ops-limit	458929	100000
1RB1RF_1RC---_1RD0RD_1LE1RC_1RA1LE_1RE0LF	4	ops-limit	458193	100000
1RB---_0RC1RD_1LD1LF_1LE0RB_1RF1LD_1LA0LC	4	ops-limit	457792	100000
1RB1LF_1LC0LD_1LD1RC_1RE1LB_0LA0RE_1LA---	3	ops-limit	457686	100000
1RB1LA_1LC1RE_0RD0LC_1LE1RF_1RA0RB_1RD---	3	ops-limit	457570	100000
1RB---_1RC---_1RD1LC_1LE1RF_1LC0LE_1RA0RD	4	ops-limit	456194	100000
1RB1LD_1RC0RB_1LA1RC_1RE0LA_1LF1LE_1LC---	4	ops-limit	455898	100000
1RB0LA_0RC1RF_0LD1RE_1LA0RB_0RD---_1RA1RD	4	ops-limit	453927	100000
1RB1LD_0RC0LF_1LD1RE_0LA0RB_0RD1RB_0LD---	4	ops-limit	452582	100000
1RB0LD_1RC0LC_1LA1RC_1RE0LB_1RF---_0RA0RE	4	ops-limit	452526	100000
1RB1LD_1RC0RB_1LD1RC_1LF1LE_0LB0LD_1LA---	4	ops-limit	450738	100000
1RB1RA_0LC1RE_1RD1LB_0RA---_0RE0RF_1LF0RC	4	ops-limit	450285	100000
1RB0LE_1RC---_1RD1RE_1LA0RF_0RC0LA_0LC0RB	4	ops-limit	449697	100000
1RB0RA_1RC0RD_1LD1LE_1LF0LC_0LD---_1RA1LD	4	ops-limit	448955	100000
1RB0RA_1LC1RB_1LF1LD_0LE0LC_1RA1LC_1LE---	4	ops-limit	448518	100000
1RB0LC_0LC1RE_1LD1LC_1LA1RD_---1RF_0RA0RF	4	ops-limit	447232	100000
1RB1RA_1RC0RE_1RD1LB_0LE0RF_1RA0LD_1LD---	4	ops-limit	446056	100000
1RB1LA_1LC1RD_1LA0LC_1RE0RB_1RF0LE_1RA---	4	ops-limit	443256	100000
1RB1RE_1LC0RA_1LA0LD_1LB0LF_0RB0LE_0LA---	3	ops-limit	441968	100000
1RB1RC_1LC1RE_---1LD_0LE0LD_1RA0RF_1LD1RB	4	ops-limit	441858	100000
1RB1LD_1LC0RE_1LA1RC_0LC0LA_0RF0RC_---0RB	4	ops-limit	441592	100000
1RB1LF_1LC1RD_1RA1LA_0RA0RE_0RC---_1RF0LC	3	ops-limit	441307	100000
1RB1LD_0RC---_1RD1LE_1RE0LA_1RF1RB_1LA0LD	4	ops-limit	440509	100000
1RB0LC_1LC0RF_1LD1RC_1LA0RE_1LB1RD_---0RD	4	ops-limit	439835	100000
1RB1LD_1RC0RB_0LA1RE_1LA0LB_0RA0RF_---0LC	4	ops-limit	439707	100000
1RB1RD_1LC0RD_1RE0LD_0RE0LF_0LB0RA_0LC---	4	ops-limit	439300	100000
1RB0LA_1RC---_0LD1RD_1RA0RE_0RF1RC_1LF0LA	4	ops-limit	438936	100000
1RB1RA_1LC0RE_1LD1LB_1RA0LE_1RA0LF_0LB---	4	ops-limit	437650	100000
1RB1RD_1LC0RE_1LD1LC_1RA0LE_1LC0RF_0RD---	4	ops-limit	437324	100000
1RB0RD_1RC0RE_1RD1LB_0LE0RF_1RA0LD_1LD---	4	ops-limit	437033	100000
1RB1LF_0RC0RB_0LD1RB_1LE0LB_0LA1LC_0LB---	4	ops-limit	437032	100000
1RB1RA_1LC1LD_1LD0LB_1RE0RF_---1RD_1RA1RB	4	ops-limit	436890	100000
1RB0RC_1RC0RA_1LD1RA_0LE0LD_1RF0RC_1RE---	4	ops-limit	436646	100000
1RB1RD_1LC0RE_1LD1LC_1RA0LB_0RD0RF_0LC---	4	ops-limit	436234	100000
1RB1RA_1LC0RD_1LD1LB_1RA0LE_0LB0LF_0RA---	4	ops-limit	436071	100000
1RB0LE_1RC1RA_1LD0RE_1LA1LD_1LD0RF_0RA---	4	ops-limit	435258	100000
1RB1LD_1RC1RE_1LA0RA_1RC0LB_0LA1RF_---1RD	4	ops-limit	434970	100000
1RB1LD_1RC1RF_1LA1RD_1RE0LB_---0RA_0LA1RC	4	ops-limit	434970	100000
1RB0LC_1RC1RA_1LD0RE_1LA1LD_0RA0RF_0LD---	4	ops-limit	434698	100000
1RB0LA_0LC0RA_1LA1LD_1LC0LE_1RF0LF_0RB---	4	ops-limit	433686	100000
1RB0RF_1LC1RA_1LD0LC_1LE0LA_1LF---_1RA1RB	4	ops-limit	433677	100000
1RB1LB_1RC1LD_1LA1RE_1RD0LA_0RB0RF_0RA---	3	ops-limit	433228	100000
1RB0RF_1LC1LF_1RD1LC_---1RE_0RC1RF_1RA0LB	4	ops-limit	432065	100000
1RB0LB_0RC0LE_1RD0RF_1LB1RB_0LA0RE_1RE---	4	ops-limit	430566	100000
1RB1LD_1RC0RE_1LA1RC_0LC0LA_0RF0RC_---0RB	4	ops-limit	430111	100000
1RB1RE_1LC0RD_1LD0LD_1RA0LC_0LB0RF_0RA---	4	ops-limit	429914	100000
1RB0LD_1LC1RB_0LA0LD_1LE0RB_1RF0RE_---0RD	4	ops-limit	429875	100000
1RB---_1LC1RE_0LE0LD_1LB0LC_1RA0RF_1LC1RB	4	ops-limit	429842	100000
1RB1RF_1LC0RE_1LE1LD_1RE0LC_1RA1RA_1RD---	4	ops-limit	429815	100000
1RB1RA_1LC0RD_1LD1LB_1LE0LF_0RA---_0LB0LF	4	ops-limit	429291	100000
1RB1RE_1RC0RF_0LD---_1LE1LD_1RA0LB_0RE0RF	4	ops-limit	428630	100000
1RB1RA_1LC0RD_1LD1LB_1LE0LF_0RA---_0LB0LE	4	ops-limit	428469	100000
1RB1LD_1RC0RB_1LA1RC_1LE0LE_1LF1LD_1LC---	4	ops-limit	428428	100000
1RB0LA_1RC0RD_1LB1RE_---1LC_1RF0RC_1LA0RB	4	ops-limit	428391	100000
1RB1RE_1RC0RF_0LD---_1LE1LD_1RA0LB_0RE0RC	4	ops-limit	428381	100000
1RB1RD_0RC0RD_0LD1LE_1LC0RB_1LF---_1LA0LE	4	ops-limit	428256	100000
1RB0RF_0LC---_1LD1LC_1RE0LA_1RA1RD_0RD0RF	4	ops-limit	427770	100000
1RB1LA_1LC1RD_1LA0LC_1RE0RB_1RF1RC_1RA---	4	ops-limit	427607	100000
1RB0LC_1RC1RA_1RD0RF_0LE---_1LA1LE_0RA0RD	4	ops-limit	427170	100000
1RB0LD_1RC0RF_0LD0LE_1RF1LC_0LB1LE_0RA---	3	ops-limit	427064	100000
1RB0LF_1LC0RB_0LD1LA_0RA1LE_0LA0RA_1LA---	4	ops-limit	427037	100000
1RB0RE_1LC0RA_1LD0LC_0LE0LB_1RA1RF_0LC---	3	ops-limit	426746	100000
1RB0RE_1LC1RA_1LD0LC_1LA0LA_1RA1RF_0RA---	4	ops-limit	426685	100000
1RB0LC_1RC1RA_1RD0RF_0LE---_1LA1LE_0RA0RF	4	ops-limit	426571	100000
1RB0LA_1RC---_1RD1RA_0RE1LC_1LF0RF_1LD0RC	4	ops-limit	426435	100000
1RB1LD_1RC0RB_1LA1RC_1LE0LA_1LF---_1LC---	4	ops-limit	426303	100000
1RB0LC_1RC0RC_1LD0RB_1LA1LE_0RA0LF_0LD---	4	ops-limit	425875	100000
1RB1LC_1LA0LF_1LD0LA_1RE0LB_1LB0RE_---1RA	4	ops-limit	425747	100000
1RB1LC_1LA1RB_1LD0LA_1RE1RD_---1RF_1LB0RF	4	ops-limit	425297	100000
1RB0RD_0LC1LD_1RA1LA_1RE1LB_---0RF_1RA1RF	4	ops-limit	423850	100000
1RB0RF_0RC1RD_0LD---_1LE1RA_1LA0LF_0RD0RC	3	ops-limit	423639	100000
1RB0RC_1RC1LD_0RD0RA_1LE0LF_1LB---_1RC1LB	4	ops-limit	423539	100000
1RB1RE_1RC0RF_0LD---_1LE1LD_1RA0LB_0RE1LC	4	ops-limit	423317	100000
1RB0LE_0RC1RA_1RD0RF_0LE1LD_1RA1LC_---0RE	4	ops-limit	423303	100000
1RB0RF_0LC1LB_1RD1LA_1RE0LC_0RA1RD_---0RC	4	ops-limit	423151	100000
1RB0RF_1LC0RD_1RD0LC_1LE---_1RF1LE_1LB1RA	4	ops-limit	422745	100000
1RB0LC_1LA1RD_1LA1LF_0RE---_1RA1RE_0RB0LA	4	ops-limit	422683	100000
1RB0LC_1RC1RE_1RD0RA_0LE0RF_1RA0LD_1LD---	4	ops-limit	422417	100000
1RB0LB_0RC0LD_1LD1RE_0LA0RB_0RD0RF_1RA---	4	ops-limit	422135	100000
1RB1LD_1RC0RB_1LA1RC_1LE0LA_0LF1LC_1RD---	4	ops-limit	421103	100000
1RB1LD_1RC0LA_0RD1RB_1RE0RF_0LA1LE_---0RA	4	ops-limit	420892	100000
1RB0RA_0RC0LD_1LA1RF_1LE1LD_1LB1RE_---1RA	4	ops-limit	419965	100000
1RB1RA_1RC1LB_0LD0RA_1RF1LE_---1LF_1LC0LF	4	ops-limit	419633	100000
1RB0RA_0RC0LE_1LD1RF_1LB1RD_1LD1LE_---1RA	4	ops-limit	419449	100000
1RB---_1RC0LC_0RD0LE_1LE1RF_0LB0RC_0RE0RA	4	ops-limit	419296	100000
1RB1LA_1LA1RC_1RD0RB_1LE1LD_---1LF_1RA0LF	4	ops-limit	418717	100000
1RB0LC_1RC1RA_1RD0RF_0LE---_1LA1LE_0RA1LD	4	ops-limit	418604	100000
1RB0RF_0LC---_1LD1LC_1RE0LA_1RA1RD_0RD0RB	4	ops-limit	418288	100000
1RB1RF_0LC1LF_---1LD_1LE0LD_1RA0RC_1RE0RA	4	ops-limit	418268	100000
1RB0LC_1RC0RA_1LD1LA_1RE1LD_---1RF_0RD1RA	4	ops-limit	417904	100000
1RB1LC_1LA1RD_1LA0LA_1LD0RE_0RF1RB_---0RC	4	ops-limit	417667	100000
1RB0RE_1RC0LE_0RD---_0RE0RA_1LF0LB_1LA1LF	4	ops-limit	417633	100000
1RB1RF_1RC0RF_0RD0LC_1LE1RA_1LC---_0LD0RE	4	ops-limit	416378	100000
1RB1RD_1LC0RD_0LE1RD_1RA0RB_---1LF_1RA0LF	4	ops-limit	415984	100000
1RB0LD_0RC1RA_1RD1RF_1LA0LE_0RA0LC_0RA---	4	ops-limit	414748	100000
1RB1RE_1RC0RF_1LD1RA_1LB1LD_1RC0RC_---0LD	4	ops-limit	414690	100000
1RB0LE_1RC---_0RD0RE_1LE0RB_0LA0LF_0RC0LD	4	ops-limit	414196	100000
1RB0LD_1LC0RE_---1LD_1LE1LA_1RA0LF_1LC1RE	4	ops-limit	413336	100000
1RB0RE_1RC1RE_1LD1LC_0RB0LC_1RF0RB_---1RA	4	ops-limit	412781	100000
1RB0LD_0RC0RF_1LD0RB_1LE---_0LA0LB_0LE0RA	4	ops-limit	412662	100000
1RB0RE_1LC1RD_1LA0LC_1RA0RB_1RF1LC_1RC---	4	ops-limit	412463	100000
1RB1RA_1LC0RD_1LD1LB_1LE0LF_0RA---_0LB1RE	4	ops-limit	412394	100000
1RB1LB_1LC0RD_0LE1LA_0RF1RA_1LE0LA_---0RB	4	ops-limit	412385	100000
1RB0RA_0LC0RE_1LE1LD_0LE---_1LF0LC_1RA1LE	4	ops-limit	412311	100000
1RB0LE_1LB1RC_0RF0RD_1RE0LA_1LA1RE_---0RB	4	ops-limit	412165	100000
1RB0RE_1LC0RA_1LA1LD_0LC1LF_0LB1RB_1RA---	4	ops-limit	411873	100000
1RB0LD_1RC1RE_1LD0RA_1LA0LA_0LC0RF_0RB---	4	ops-limit	411785	100000
1RB0LE_0LC0RB_1RD1LD_1RA1LF_0LB1LE_---1LB	4	ops-limit	410768	100000
1RB---_0LC0RB_1RA1LD_1LE1LF_1LB0LF_0RC0LA	4	ops-limit	410458	100000
1RB1LD_0LC1RC_1RA1RD_1LE0RB_---1LF_0LC0LA	4	ops-limit	410457	100000
1RB1RA_1LC0RD_1LD1LB_1LE0LF_0RA---_0LB1LF	4	ops-limit	410218	100000
1RB---_1RC0LC_0RD0LE_1LE1RF_0LB0RC_0RE1RA	4	ops-limit	410168	100000
1RB1RF_0RC1RD_1LC1LA_0LE1RE_1RA0RB_---0LC	4	ops-limit	409692	100000
1RB1RE_1LC1LE_0RD0LB_1RF1RA_0RC0RE_0RA---	4	ops-limit	409496	100000
1RB1RA_0RC0RB_0LD0LE_0LE---_1LF1LC_1LA1LF	4	ops-limit	408826	100000
1RB0RF_0LC---_1LD1LC_1RE0LA_1RA1RD_0RD1RF	4	ops-limit	408607	100000
1RB0LC_1RC1RA_1RD0RF_0LE---_1LA1LE_0RA1RF	4	ops-limit	408523	100000
1RB1RF_1LC---_1LE1RD_1RA0RC_0LF0LA_0LD0RB	4	ops-limit	408386	100000
1RB1RF_1LC0RB_1RD0LC_1LE1RA_0RC1LB_---1RE	4	ops-limit	408092	100000
1RB0LF_1LC0LA_1RA0RD_---1RE_1LA1RC_0LB0RC	4	ops-limit	407654	100000
1RB0RA_0LC0RF_0LB1RD_1LE---_1RA0LF_1LE0RC	4	ops-limit	407113	100000
1RB1RE_1LC1RD_1LA0LC_1RA0RB_1RF0LD_1RC---	4	ops-limit	407021	100000
1RB0RD_1RC1RB_1LD0LA_1LE0RA_0LF---_0LA0LC	4	ops-limit	406914	100000
1RB1RE_1RC0RF_0LD---_1LE1LD_1RA0LB_0RE1RF	4	ops-limit	406842	100000
1RB1LD_1RC0RB_1LD1RC_1LF1LE_0LA0LD_1LA---	4	ops-limit	406293	100000
1RB1LD_1RC0RC_1LD0RE_0LB0LA_0RF1LA_---1RC	4	ops-limit	405868	100000
1RB---_1LC1RE_1LD0LC_1LE1LC_1RF0RE_1RA0RB	4	ops-limit	405574	100000
1RB0LA_1RC---_0LD1RD_0RA0RE_0RF1RC_1LF0LA	4	ops-limit	405442	100000
1RB0RE_1RC0RE_1LD1RB_1LA0LA_1RF0LC_---0RC	4	ops-limit	405439	100000
1RB1LC_1RC1LB_1LD0RB_0LE1RD_---0LF_0LA1LF	4	ops-limit	404824	100000
1RB1RB_0LC0LD_0LE1LD_1LB0RE_1RA0RF_1RD---	4	ops-limit	404821	100000
1RB0RA_0RC0RE_1LD1LF_1LE0LC_1RA0LD_0RA---	4	ops-limit	404217	100000
1RB0LB_1RC0LA_1RD---_0RE1LD_1LF0RF_1LA1RB	4	ops-limit	403859	100000
1RB1RE_1RC1LE_1LD0RA_1LF0LA_1LB0LC_---1RA	4	ops-limit	403392	100000
1RB0LA_0RC0LE_0RD1RC_1LD1RE_1LA1RF_---0RB	4	ops-limit	403189	100000
1RB0LE_1RC1RA_1RD0RF_1RE0RA_1LA1LD_1RA---	4	ops-limit	403072	100000
1RB1RA_1LC1LE_1RF1LD_1RE0LD_0LB0RA_---0RC	4	ops-limit	402990	100000
1RB0RF_1LC1RA_0LE0LD_0LB0RD_1RD0RA_0RE---	4	ops-limit	402924	100000
1RB1RD_1RC1LD_0LA1RA_1LE0RC_---1LF_0LA0LB	4	ops-limit	402713	100000
1RB0LF_0LC1LB_0RD1LA_1RE0RA_---1RD_1RC1LF	4	ops-limit	402676	100000
1RB1RC_0LA1RF_1RD0LE_1LC0RB_0RA0LC_0RD---	4	ops-limit	402433	100000
1RB0RF_1RC0LD_1RD0RA_1LB1LE_0LB0RE_0RD---	3	ops-limit	402140	100000
1RB1RF_1RC1RA_1LD0LA_---0LE_0LF1LE_0RA0LC	4	ops-limit	401678	100000
1RB0RB_1RC1RA_0LD1LC_0RA1LE_1LF0LC_---1LA	4	ops-limit	401436	100000
1RB0LF_1RC---_1LD0RF_1RA0LE_0LD1LD_0RD0RB	4	ops-limit	401357	100000
1RB1RE_1LC1RB_1RA0LD_1RC0LB_0RF---_0LD1RA	4	ops-limit	401311	100000
1RB1RE_0RC0RF_1LC1RD_1RA0LE_0RA0LD_0RA---	4	ops-limit	401287	100000
1RB0RE_0LC0RF_1LD1LC_1RA0LD_0RD1RE_---0LB	4	ops-limit	401285	100000
1RB1RD_1LC0RF_0LA0RA_1LE1RA_---1LB_0RA0LD	4	ops-limit	401219	100000
1RB1RF_1RC1LC_1LD0LE_---1LE_1RF0LB_0RA1RE	4	ops-limit	401113	100000
1RB0RF_1RC0LE_1LD0LC_1RE0RD_1LB0RA_1RC---	4	ops-limit	401104	100000
1RB0LA_0RC1RD_0LD1RE_1LA0RB_0RD1RF_1RC---	4	ops-limit	401098	100000
1RB---_0RC1RC_1RD0LE_1RE0RB_1LF0RA_1LC1LF	4	ops-limit	401089	100000
1RB0LA_0RC1RF_1LC0RD_1RC0LE_1LA1RA_1RD---	4	ops-limit	401077	100000
1RB1RA_1LC0RE_1LE0LD_0LB1LB_1RA0LF_1LD---	4	ops-limit	401062	100000
1RB0RC_1LC1LA_1RD0LB_1RE1RC_1RA0RF_1RC---	4	ops-limit	400977	100000
1RB1LA_1RC1RD_0LA0LD_1RE1LC_0RF0LF_---0RA	4	ops-limit	400928	100000
1RB0RD_1RC0LF_0LA0RB_1RE---_1LB1RA_0LE0LF	4	ops-limit	400925	100000
1RB0LA_1RC0RE_0LD0RF_1LA1LD_0RA1RE_---0LC	4	ops-limit	400851	100000
1RB1RD_1LC0LC_1RD1LB_1RF0RE_0RA1RE_---1RB	4	ops-limit	400800	100000
1RB0RB_1LC1RA_1LF0LD_0LE1LD_1LA1LC_---1LA	4	ops-limit	400773	100000
1RB1LD_1RC0RC_1LD1RB_1LF0LE_0LA1LE_---1LB	4	ops-limit	400759	100000
1RB0RB_1LC1RA_1LF0LD_0LE1LD_1RA1LC_---1LA	4	ops-limit	400755	100000
1RB0LB_1RC1LE_1LD0RF_---1LB_0LA0LC_1LB1RA	4	ops-limit	400638	100000
1RB0RB_1LC1RA_0LF0LD_1LE1RB_1RA1LC_---1LA	4	ops-limit	400581	100000
1RB0RC_1LC0RB_1RE1LD_0LB0LF_---0RA_1LB1LD	4	ops-limit	400488	100000
1RB1LD_0RC1RC_1RD0RE_0LA0LF_0RF---_1RA1LA	4	ops-limit	400482	100000
1RB1LD_0RC1LE_1RD0LA_1RE0RC_1LF0LC_---1LB	4	ops-limit	400420	100000
1RB0LC_1LA0RE_0RD0LA_1RE1RA_0LD1RF_0RB---	4	ops-limit	400392	100000
1RB0LE_0RC---_1RD0LA_1RE0RA_0LF1LD_1LC1RF	4	ops-limit	400345	100000
1RB1LD_1RC0LA_1LA0RE_1LB1LA_1RF0RB_---0LB	4	ops-limit	400337	100000
1RB0RC_1LC0RB_1RE1LD_0LB0LF_---0RA_1LB0RC	4	ops-limit	400333	100000
1RB1RA_1LC0RB_1LE0LD_0LB1LD_0RA0LF_---0RE	4	ops-limit	400326	100000
1RB---_1RC0LE_1RD1RF_1LB0LB_0RD0LD_0RC0RA	4	ops-limit	400262	100000
1RB0RE_1LC0LE_---1LD_1LE1LB_1RA0LF_0RD1LA	4	ops-limit	400214	100000
1RB0LC_1LA0RE_0RD1LF_1LC1LB_0LD0RB_0LA---	4	ops-limit	400192	100000
1RB0LC_1LC0RE_1RA1LD_1LA1LC_1RF0RA_---0LA	4	ops-limit	400133	100000
1RB0LE_1LC1RD_1LA0RB_1RC1RB_1LF0LC_---0RC	4	ops-limit	400089	100000
1RB1RA_1RC1RC_1LD1RE_1RA0LC_0RB0RF_---0RC	4	ops-limit	400014	100000
1RB1LE_1LC1RC_1LA1RD_1LD0RB_0LC0LF_0LB---	4	ops-limit	399992	100000
1RB0RC_1LC0RD_1RA1LD_0LB1LE_1LB0LF_---0LB	4	ops-limit	399972	100000
1RB1RF_1LC0RF_1LE0LD_1RC0LB_---1RA_1LB1RA	4	ops-limit	399965	100000
1RB0LF_1LC1RF_---1LD_0LE0LB_0RA0LA_0RA1RB	4	ops-limit	399936	100000
1RB0LD_1RC0RD_1LA0RC_1RE1LB_1LF0LA_---0LE	4	ops-limit	399922	100000
1RB0RA_1LC0RC_1LF0RD_1RA1LE_0LC---_1LD0LA	4	ops-limit	399919	100000
1RB1LE_1LC1RD_0LA1LA_---1RE_1LF0LA_0LC0RF	4	ops-limit	399908	100000
1RB1LD_0RC1LE_1RD0LA_1RE0RF_1LF0LC_---1LB	4	ops-limit	399904	100000
1RB0LF_1LC0LA_---1RD_1RF1RE_1LF1RD_1LB0RE	4	ops-limit	399893	100000
1RB0LD_0RC1RA_1RD1RB_1RE1LE_1LF0LA_---1LA	4	ops-limit	399891	100000
1RB0LF_0RC0LC_1LA1LD_1RE1LC_---1RA_0LC0RD	4	ops-limit	399835	100000
1RB0LF_1LC0RE_0LD1LC_1LA---_0RB1RA_0LE1LF	4	ops-limit	399772	100000
1RB1LB_1LC0LD_---1LD_1RE0LA_0RF1RD_1RA1RE	4	ops-limit	399605	100000
1RB0RC_0RC1RC_0LD0RA_1LE0LF_0LA1LC_---1LA	4	ops-limit	399543	100000
1RB1RD_1LC0RF_1LD0LB_1RE0RB_---1RA_0LA1RC	4	ops-limit	399535	100000
1RB0LF_1LC1RC_0RA0LD_0LE1RE_0RF0LC_1RC---	4	ops-limit	399495	100000
1RB0LF_1LC0RE_0LA1RD_---1RE_1RC1RA_0RB1RF	4	ops-limit	399437	100000
1RB1LD_0RC1RC_1LA1RE_---1LE_1RF0RC_0RB0LF	4	ops-limit	399296	100000
1RB---_0RC1LF_1LC1LD_1RE0RA_0RD1RF_0LD0LF	4	ops-limit	399200	100000
1RB1LE_1LC0LF_1LA1RD_1LB0RD_0LC0LA_---1RA	4	ops-limit	399101	100000
1RB0LC_1LA1RD_1LA0LC_0RE---_0RF1RF_0RA0LB	4	ops-limit	398940	100000
1RB1RA_1LC0RB_1LD0LB_1RA0LE_---1LF_1LB0LA	4	ops-limit	398745	100000
1RB1RE_1LC1RC_0RF1LD_1LE0LB_1LB0RA_---1RA	4	ops-limit	398643	100000
1RB1RF_1LC1RD_1RA1LD_1RE0LA_---0RC_0LC1RB	4	ops-limit	398097	100000
1RB0RE_1RC1LC_1LD1RE_1LB0LC_0RF0RA_---1RC	4	ops-limit	398013	100000
1RB0RE_1RC1LF_0LD0RE_---1LE_1RA0LB_1LB0LC	4	ops-limit	397696	100000
1RB0RE_0LC1LE_0RD1LD_1RA1LF_1LC0RA_0LB---	4	ops-limit	397161	100000
1RB1RF_1LC0LF_---0LD_0LE1LD_0RF0LB_1RA1RE	4	ops-limit	397022	100000
1RB1LC_1RC0LF_0LD0RC_1RA1LE_---1LA_0LC1LF	4	ops-limit	396485	100000
1RB1LE_0RC1RA_0LD0RB_1LA1LF_0LC1RF_---0LA	4	ops-limit	396039	100000
1RB1LE_0RC0RB_1RD1RF_1LA0LE_0LD0LB_---0RD	4	ops-limit	394670	100000
1RB---_1RC0RD_1RD1RA_1LE1RB_0LF0LE_1RF0RD	4	ops-limit	393601	100000
1RB1RF_1RC0RA_1LD1RB_1LE0LD_0RA0LB_0RB---	4	ops-limit	392982	100000
1RB0LC_0RC---_1RD0RE_1RE1RA_1LF1RC_1LD0LF	4	ops-limit	391635	100000
1RB---_1LC1LD_1LD0LB_1RE1LC_1RF0RE_1RA0RC	4	ops-limit	391576	100000
1RB1RF_1LC0RD_1RE0LD_0RE0LF_0LB0RA_0LC---	4	ops-limit	391341	100000
1RB1RA_1RC0RE_0RD1LE_0LE---_1LF0LC_0RA1LC	4	ops-limit	391262	100000
1RB0LB_1RC1LC_1LD1RE_---0LA_1RE0RF_1RA0LF	4	ops-limit	390591	100000
1RB0RB_1LC0RA_1LE1LD_0RE0LF_1RA0LB_0LC---	4	ops-limit	389843	100000
1RB1LE_1RC0RB_1LD0RE_1LA0LD_1LD0LF_0RB---	4	ops-limit	388944	100000
1RB1LC_0LA0RD_1LA0LA_0RF1RE_1LA1RB_---0RB	4	ops-limit	388914	100000
1RB0LB_1LC1RE_1LA1LD_0RB1LF_1LA0RC_---1LC	4	ops-limit	388250	100000
1RB0RF_1LC0RD_1LA0LD_1LE0RA_0LB---_0LB1RB	4	ops-limit	386851	100000
1RB1RE_1LC0RA_1LD0LC_0RA1RF_0RD---_1RC1RA	4	ops-limit	386725	100000
1RB0RA_1LC1RE_1LD0LC_1RA0LE_1RA0RF_0LC---	4	ops-limit	385725	100000
1RB0LE_0RC---_1RD0LA_1RE0RA_1LC0LF_0RC1LC	4	ops-limit	385627	100000
1RB1LA_1RC1RE_1RD0RD_1LA1RC_1RF0LE_1RA---	4	ops-limit	385162	100000
1RB0RC_1LC0RB_1LD0LD_1RA1LE_---0LF_1LB1LF	4	ops-limit	385092	100000
1RB0RE_1LC1RD_1LA0LC_1RA0RB_1RF1LC_0RC---	4	ops-limit	381950	100000
1RB1LE_1RC0RD_1LD0RE_0LA0LC_1LC1RF_---0RA	4	ops-limit	378055	100000
1RB---_1RC0LE_0LD0RF_1LB0RE_0RC0LE_1RD1RA	4	ops-limit	372282	100000
1RB1LE_1RC1RF_0RD0LB_1LD0RA_0LA0LE_0RC---	4	ops-limit	371308	100000
1RB0RA_0LC1LF_1LE1LD_0LB---_1RA0LC_1LA1LC	4	ops-limit	369302	100000
1RB0RA_1RC0RC_1LD0LE_1RA1LC_1LC0LF_0LC---	4	ops-limit	368751	100000
1RB1LD_1LC0RF_1LA1RC_1LE0LA_1LB---_1RC0RF	4	ops-limit	366945	100000
1RB1RE_1LC1RD_1LA0LC_1RA0RB_0RF0LD_0RB---	3	ops-limit	366556	100000
1RB1LC_1RC0RB_1LD0LF_1LA1LE_1RF0LD_---1RB	4	ops-limit	365922	100000
1RB0RA_0RC0LE_1LC0LD_1RA1LF_---1LD_1LD1LB	4	ops-limit	365156	100000
1RB1RE_1RC0LD_1LB---_1RA1LD_1RA0RF_1RE0LC	4	ops-limit	361453	100000
1RB1LD_1RC0RB_1LA1LE_1LC0LA_1LF0RD_0LD---	3	ops-limit	360019	100000
1RB1LF_1RC0RB_1RD0RF_1RE---_1LF1LA_1LA0LE	4	ops-limit	359670	100000
1RB0RA_1LC0RE_1LD0LC_1RA1LE_1LC0LF_0RA---	4	ops-limit	356842	100000
1RB1LD_1RC0RB_1LA1LE_1LC0LA_0LF0RD_0LD---	3	ops-limit	350794	100000
1RB0LE_0RC0RA_1LD0LC_1LA0LB_1RA1LF_---0LC	4	ops-limit	342171	100000
1RB1LF_1LC1RE_1LD1RD_1LA0LB_0RC---_1RC0LD	4	ops-limit	341438	100000
1RB0RA_1RC0RC_1LD0LE_1RA1LC_1LC1LF_0LC---	3	ops-limit	335434	100000
1RB0RA_1LC0RC_1LE0LD_1LC1LF_1RA1LC_0LC---	4	ops-limit	335244	100000
1RB1RF_1RC0RA_1LD1RB_1LE0LD_1LA0LB_0RB---	4	ops-limit	335233	100000
1RB0RC_1LC1LF_1LD0LB_1RE1LC_1RA0RE_0LC---	4	ops-limit	324349	100000
1RB0RD_1LC1RE_0LD1LC_1RA0LA_1RF0RC_---1RA	4	ops-limit	318786	100000
1RB1LD_1RC0RB_1LA1LE_1LC0LA_0LF0RD_1RA---	4	ops-limit	312576	100000
1RB0LE_1RC---_0RD0RB_1RE0LA_1RF0LF_1LD1RF	4	ops-limit	307076	100000
